source,target,edge
Simon Patterson,Alex Di Stefano,play
Simon Patterson,Alex Di Stefano,play
Simon Patterson,The Advent & Industrialyzer,play
Simon Patterson,Vertical Mode,play
Simon Patterson,Captain Hook,play
Simon Patterson,Simon Patterson,remix
Simon Patterson,Simon Patterson,play
Simon Patterson,Simon Patterson,play
Simon Patterson,Neelix,remix
Simon Patterson,Jordan Suckley,collab
Simon Patterson,Will Atkinson,play
Simon Patterson,Nick Callaghan,play
Simon Patterson,Coming Soon,play
Simon Patterson,Astrix,play
Simon Patterson,Will Atkinson,play
Simon Patterson,Darren Porter & Simon Dixon,play
Simon Patterson,Simon Patterson,play
Simon Patterson,E-Clip,play
Simon Patterson,ID,id
Simon Patterson,Blazer,remix
Simon Patterson,Astrix,play
Simon Patterson,Blazer,collab
Simon Patterson,Dynamic & Space Cat,play
Simon Patterson,Neelix,play
Nicky Romero,Nicky Romero,play
Nicky Romero,Headhunterz,play
Nicky Romero,Tommy Trash,acappella
Nicky Romero,Deorro,play
Nicky Romero,Public Domain,acappella
Nicky Romero,Showtek,acappella
Nicky Romero,Justin Prime,acappella
Nicky Romero,Alesso,play
Nicky Romero,Calvin Harris,play
Nicky Romero,Axwell,play
Nicky Romero,Dannic,play
Nicky Romero,Nicky Romero,acappella
Nicky Romero,Fedde Le Grand,acappella
Nicky Romero,Nicky Romero,play
Nicky Romero,Don Diablo,mashup
Nicky Romero,CID,mashup
Nicky Romero,Michael Calfan,mashup
Nicky Romero,Axwell,mashup
Nicky Romero,Mark Knight,acappella
Nicky Romero,Koen Groeneveld,acappella
Nicky Romero,Eric Prydz,mashup
Nicky Romero,Axwell,mashup
Nicky Romero,Sebastian Ingrosso,mashup
Nicky Romero,Deorro,play
Nicky Romero,BrEaCh,acappella
Nicky Romero,John Christian,play
Nicky Romero,Axwell,play
Nicky Romero,Sick Individuals,play
Nicky Romero,BlasterJaxx,play
Nicky Romero,Matt Caseli,acappella
Nicky Romero,Danny Freakazoid,acappella
Nicky Romero,Don Diablo,play
Nicky Romero,Matt Nash,play
Nicky Romero,Dannic,play
Nicky Romero,Calvin Harris,acappella
Nicky Romero,Calvin Harris,remix
Nicky Romero,MAKJ,play
Nicky Romero,Bingo Players,acappella
Nicky Romero,Tatanka,acappella
Nicky Romero,Noisecontrollers,play
Nicky Romero,Knife Party,play
Nicky Romero,Nicky Romero,play
Nicky Romero,Ivan Gough,acappella
Nicky Romero,Feenixpawl,acappella
Nicky Romero,Krewella,collab
Nicky Romero,Chuckie,play
Nicky Romero,JunxterJack,play
Nicky Romero,Bobina,play
Nicky Romero,Vigel,play
Nicky Romero,Showtek,play
Nicky Romero,Alesso,play
Nicky Romero,Avicii,play
Nicky Romero,Avicii,collab
Nicky Romero,R3hab,play
Nicky Romero,Dillon Francis,play
Nicky Romero,Sick Individuals,play
Nicky Romero,Qulinez,play
Nicky Romero,NERVO,collab
Nicky Romero,Krewella,play
Nicky Romero,Evol Waves,play
Diplo,ID,id
Diplo,Diplo,play
Diplo,DJ Fresh,collab
Diplo,PTAF,play
Diplo,DJ Snake,play
Diplo,TWRK,play
Diplo,TWRK,play
Diplo,Angger Dimas,play
Diplo,Jay Spring,play
Diplo,Clockwork,play
Diplo,Afrojack,play
Diplo,Major Lazer,play
Diplo,Icona Pop,acappella
Diplo,GTA,play
Diplo,ID,id
Diplo,ID,id
Diplo,GTA,play
Diplo,Riva Starr,acappella
Diplo,Fatboy Slim,acappella
Diplo,D.O.D.,play
Diplo,Lana Del Rey,acappella
Diplo,Carnage,play
Diplo,Flosstradamus,play
Diplo,French Montana,play
Diplo,Yeah Yeah Yeahs,acappella
Diplo,Jay-Z,play
Diplo,Tinie Tempah,play
Diplo,Rich Homie Quan,play
Diplo,Danilo TB,play
Diplo,Rell,play
Diplo,Just Blaze,play
Diplo,Flux Pavilion,play
Diplo,Carnage,play
Diplo,ID,id
Diplo,Calvin Harris,remix
Diplo,Diplo,play
Diplo,Flosstradamus,play
Diplo,Yellow Claw,play
Diplo,R4,play
Diplo,GTA,collab
Diplo,eSenTRIK,play
Diplo,TJR,play
Diplo,Diplo,play
Diplo,Kid Kamillion,play
Diplo,Diplo,play
Diplo,Valentino Khan,play
Diplo,Skrillex,play
Diplo,12th Planet,play
Diplo,Kill The Noise,play
Diplo,Victor Niglio,play
Diplo,HugLife,play
Diplo,Ruen,play
Diplo,Mister Gray,play
Diplo,Yellow Claw,play
Diplo,Yung Felix,play
Diplo,Kendrick Lamar,play
Diplo,Kanye West,play
Diplo,Outkast,play
Quintino,Tiesto,remix
Quintino,Ralvero,collab
Quintino,Denzal Park,play
Quintino,Zack Edward,play
Quintino,Ivan Gough,play
Quintino,Jebu,play
Quintino,Afrojack,play
Quintino,Deorro,play
Quintino,Steve Aoki,play
Quintino,Dimitri Vegas & Like Mike,play
Quintino,Autoerotique,play
Quintino,MOTi,collab
Quintino,GTA,play
Quintino,Bassjackers,play
Quintino,A-Trak,play
Quintino,Michael Woods,play
Quintino,Gregori Klosman,play
Quintino,Jacob Plant,play
Quintino,Example,remix
Quintino,Alvaro,play
Quintino,MERCER,play
Quintino,Sandro Silva,collab
Quintino,DJ Obek,acappella
Quintino,Blasterjaxx,collab
Quintino,Will.I.Am,acappella
Quintino,Kenneth G,play
Quintino,Chuckie,acappella